{
  "name": "esp8266",
  "version": "1.0.0",
  "title": "ESP8266",
  "description": "Simple app that controls an ESP8266 module using Wifi.",
  "tags": [
    {
      "label": "esp8266",
      "type": "platform"
    },
    {
      "label": "wifi",
      "type": "comm"
    }
  ],
  "libraries": [
    {
      "name": "jquery",
      "version": "2.1.1"
    }
  ],
  "plugins": [
    {
      "name": "cordova-plugin-chrome-apps-sockets-tcp"
    }
  ],
  "index-file": "index.html",
  "app-dir": "app",
  "uuid": "abf91bae-f427-4b73-8d0f-4204eec6a3a8",
  "icon": "app-icon.png",
  "doc-url": "http://evothings.com/2.2/doc/examples/esp8266.html",
  "long-description": "Simple app that controls an ESP8266 module using Wifi.",
  "cordova-id": "com.evothings.examples.esp8266"
}